sdid_estimate,standard_error
0.2586221,0.0250993
0.2622246,0.0254564
0.2593128,0.0279417
0.2586221,0.0250993
0.2622246,0.0254564
0.2593128,0.0279417
0.2582852,0.0247187
0.255487,0.0257602
0.2627288,0.0243616
0.2556236,0.0254356
0.2568316,0.0255031
0.2574042,0.0245321
0.2649714,0.0244786
0.2594122,0.0253286
0.2576117,0.0274486
0.2560435,0.0249347
0.2602969,0.0269038
0.2580696,0.0280149
0.2550071,0.0254372
0.2546766,0.0256495
0.2610831,0.0247589
0.2613193,0.026541
0.256697,0.0248447
0.2591246,0.0255556
0.2651884,0.0270434
0.2574795,0.0245424
0.2608359,0.0258538
0.2605708,0.0255856
0.256736,0.024648
0.2603004,0.0256295
0.2585152,0.0261256
0.2550239,0.0231198
0.2648659,0.0243523
0.2600286,0.0249362
0.2595815,0.0239037
0.2566599,0.02667
0.2613478,0.0263333
0.2552761,0.0272863
0.2597749,0.0257
0.2613059,0.0266281
0.2570045,0.0259044
0.2566048,0.0248218
0.2556397,0.024157
0.2561733,0.025114
0.259442,0.0271
0.2578433,0.0258846
0.2589957,0.0242986
0.257154,0.0274338
0.2589307,0.0266876
0.2606707,0.0270855
0.2573062,0.026955
0.2590389,0.0246824
0.2589547,0.0240624
0.2599007,0.0267843
0.2562196,0.0267242
0.260858,0.027266
0.2574539,0.0255987
0.2617587,0.0251847
0.2603187,0.0261733
0.2565556,0.0256792
0.2591985,0.02696
0.2591934,0.0260371
0.2615008,0.0265109
0.2576281,0.0206936
0.258759,0.0270189
0.2590837,0.0267855
0.2561906,0.0258086
0.2566453,0.0253635
0.2595993,0.0281214
0.2668235,0.0256405
0.251555,0.0262459
0.2593764,0.0259494
0.2603374,0.0263218
0.2566992,0.0256845
0.2579978,0.0241746
0.2661457,0.0271547
0.2592021,0.0249621
0.2598171,0.0266293
0.2611453,0.0270792
0.2607131,0.0265168
0.2586121,0.0268398
0.2639265,0.0251819
0.2586214,0.0268789
0.2634068,0.0249579
0.2595482,0.0245181
0.2608207,0.0254098
0.2583474,0.025973
0.2610244,0.0234609
0.2609585,0.0257727
0.264068,0.0260275
0.2562345,0.0260896
0.2582862,0.0261932
0.261107,0.0241124
0.2572557,0.0266209
0.2565634,0.0259195
0.2558887,0.0251476
0.2599496,0.0235921
0.2586429,0.0251493
0.2565831,0.0254715
0.2558887,0.0251476
0.2563,0.0008465
0.2569653,0.0047781
0.2621661,0.0009674
0.2596133,0.0017631
0.2536894,0.0010181
0.2526383,0.0001482
0.257783,0.002027
0.2555229,0.0025784
0.256288,0.0002951
0.253781,0.0020962
0.2609394,0.0018922
0.2594934,0.000998
0.2527575,0.0005964
0.2623081,0.0012694
0.2632329,0.0003495
0.2566776,0.0012224
0.2615149,0.002034
0.2591819,0.002573
0.2562075,0.0020899
0.2603883,0.0005955
0.2606721,0.0031556
0.2573702,0.0003859
0.2556028,0.0012928
0.2592385,0.0020961
0.2541995,0.0013138
0.2565095,0.0010142
0.2576706,0.0017558
0.2578953,0.0000914
0.258353,0.0000612
0.2603722,0.0003104
0.2568607,0.0010367
0.2605982,0.0016085
0.2567395,0.000756
0.261586,0.00181
0.2604344,0.0008463
0.2624907,0.0003413
0.257439,0.0053126
0.2573867,0.0010067
0.2705998,0.0006966
0.2585244,0.0025711
0.2576317,0.0006471
0.2589436,0.0003508
0.2580184,0.0006814
0.2558721,0.0004522
0.2555196,0.0021706
0.2591898,0.0013862
0.2564806,0.0003975
0.2551917,0.0020271
0.2643878,0.0021503
0.2518667,0.0003435
0.2549074,0.0012985
0.2532528,0.0009655
0.2598209,0.0014424
0.2554637,0.0025567
0.2589044,0.0019538
0.2603363,0.0008085
0.2619739,0.0004386
0.2515088,0.0009039
0.2571341,0.0013939
0.2586845,0.0011017
0.2597071,0.0001841
0.2530041,0.0013161
0.2562586,0.0013972
0.2601237,0.0007638
0.256167,0.0003424
0.2597384,0.0003109
0.2645749,0.0019692
0.2549736,0.0000777
0.2585888,0.0023327
0.256404,0.0012487
0.2585625,0.0004721
0.261756,0.0001998
0.2631734,0.0007195
0.2627092,0.0006468
0.2559473,0.0012405
0.2569563,0.0010434
0.2557867,0.0024992
0.2551997,0.0009657
0.257189,0.0011204
0.256018,0.0003641
0.2584623,0.0010194
0.2618295,0.0010711
0.2550251,0.0001131
0.257875,0.0010785
0.2575102,0.0020341
0.256199,0.0003559
0.2621578,0.0001398
0.2595534,0.0017855
0.2558149,0.0005819
0.2661543,0.0017346
0.2534833,0.0001149
0.2565721,0.0016003
0.2554642,0.0001925
0.2597045,0.0019622
0.2615535,0.0012161
0.2643387,0.0017235
0.2564086,0.0016693
0.2572,0.0015014
0.2577235,0.0003023
0.2598768,0.00088
0.2576064,0.0014045
0.258046,0.0019237
0.2618814,0.0002246
0.2575378,0.0010975
0.2546759,0.000064
0.25716,0.002092
0.260789,0.0000897
0.2554089,0.0008995
0.2574079,0.001969
0.2578765,0.0023355
0.2555576,0.0001711
0.2564316,0.0003617
0.2609648,0.0012009
0.2581364,0.0020202
0.2547773,0.0007678
0.2620843,0.0022079
0.2522254,0.0016417
0.2602094,0.001709
0.2593635,0.0002639
0.2623566,0.0004927
0.2586728,0.0024977
0.2650788,0.001878
0.2556619,0.0014788
0.255776,0.0011293
0.2594541,0.0006629
0.2576437,0.0000202
0.25497,0.0022781
0.2583193,0.0003793
0.2600874,0.0006788
0.2581453,0.0013228
0.2580548,0.0010195
0.2560222,0.0017886
0.2596457,0.0003874
0.2572306,0.0003131
0.254511,9.71E-06
0.258221,0.0003335
0.2553484,0.0002192
0.2608606,0.0010311
0.2568912,0.001516
0.259056,0.0011845
0.2590733,0.0020017
0.2547139,0.0020713
0.2616123,0.0000946
0.2618284,0.0007763
0.2576207,0.0002094
0.258501,0.0006748
0.2614904,0.0005888
0.2560676,0.000766
0.2605087,0.0001511
0.259182,0.0008521
0.2559546,0.0005892
0.2589894,0.0005643
0.2585667,0.0014667
0.2577369,0.0001643
0.2565625,0.001372
0.2590769,0.0005309
0.2553876,0.0013312
0.2573077,0.0001066
0.236062,0.0000941
0.2627438,0.0010522
0.2600451,0.0008801
0.26105,0.0005186
0.2601977,0.0007417
0.2567575,0.0009918
0.2566756,0.0002949
0.2586097,0.0003959
0.2563257,0.0019969
0.2535949,0.0007352
0.2576359,0.000265
0.2615582,0.0030109
0.2573584,0.0020076
0.2554696,0.0006937
0.2573213,0.0008326
0.2559262,0.0026406
0.257867,0.0014632
0.260028,0.0012106
0.2659856,0.0003931
0.2524477,0.0004972
0.2571121,0.0024447
0.2573083,0.0003215
0.2591405,0.0004694
0.257225,0.0039657
0.2614347,0.0007008
0.2630818,0.0007152
0.261645,0.0014406
0.2566764,0.0016029
0.2570972,0.0012406
0.2569975,0.00076
0.263382,0.0012542
0.2570071,0.0004349
0.2644089,0.0012972
0.2605286,0.0022746
0.2577917,0.0021293
0.2643152,0.0013002
0.2580055,0.0004886
0.2580994,0.0001424
0.2571835,0.0016202
0.2541396,0.0032439
0.2557705,0.0003373
0.2560618,9.54E-06
0.2536294,0.0010177
0.2564562,0.0009462
0.2583318,0.0005409
0.2581935,0.0015979
0.257839,0.0001941
0.2595699,0.0011417
0.2629581,0.0021663
0.2566731,0.0012174
0.2558486,0.0010017
0.2546326,0.0017262
0.2637795,0.0002502
0.2616192,0.0007809
0.2565227,0.0000768
0.2589991,0.0003223
0.2587587,0.002268
0.2554704,0.000962
0.2688755,0.0007773
0.2596626,0.0021773
0.2539691,0.0002353
0.2605588,0.0009205
0.2607319,0.0014108
0.2567868,0.000927
0.2587546,0.0011514
0.2567896,0.000903
0.2555062,0.0010905
0.2586591,0.0013886
0.2610168,0.0010681
0.2569106,0.0005916
0.2585412,0.0001826
0.2562169,0.0012501
0.2607413,0.0006172
0.2642505,0.0011514
0.2579987,0.0011759
0.2539981,0.0005195
0.2543383,0.0011197
0.257732,0.0006551
0.2545803,0.0008747
0.2584582,0.0016749
0.2566089,0.0013412
0.2573445,0.0018421
0.2569121,0.0016925
0.2598474,0.0003861
0.263187,0.0035469
0.2584568,0.0006054
0.2586431,0.0008195
0.2577365,0.0017437
0.2589936,0.0009707
0.2586675,0.0003565
0.2601712,0.0024766
0.2610706,0.0006702
0.2562691,0.0007283
0.2599086,0.0009967
0.2534009,0.0008232
0.2599709,0.0015449
0.2557336,0.0002509
0.2611306,0.0009128
0.2582463,0.0013137
0.2554293,0.000543
0.2573974,0.0000825
0.2574221,0.0006659
0.2618756,0.0009687
0.2560285,0.0000162
0.2585187,0.0007844
0.2597665,0.0006439
0.2596463,0.0004724
0.259813,0.0008566
0.2556262,0.0019164
0.2521931,0.0015505
0.2594131,0.0025175
0.2603183,0.0010315
0.2647425,0.0012344
0.2536997,0.001271
0.2581991,0.0012566
0.2579558,0.0008392
0.2589369,0.0009586
0.2600098,0.0007522
0.2592553,0.0003253
0.256948,0.001222
0.2529653,0.0002003
0.2563359,0.0008812
0.2598189,0.0008428
0.2661338,0.0009418
0.2545669,0.0006465
0.2568604,0.0009054
0.2569222,0.0013818
0.2568196,0.0017851
0.2626648,0.0008502
0.261177,0.0005343
0.2574992,0.0021155
0.2575413,0.0017586
0.2568578,0.0014819
0.2551257,0.0016514
0.2584431,0.0017057
0.2618258,0.0016024
0.2557068,0.00188
0.2559273,0.0004562
0.2537898,0.0001862
0.2597148,0.0028084
0.2595595,0.0015766
0.2563443,0.0015847
0.2557282,0.0005945
0.2589072,0.0019762
0.2536786,0.000408
0.2539323,0.0010351
0.2531478,0.0021763
0.2603451,0.0012769
0.2612401,0.0011144
0.2602456,0.000274
0.2573571,0.0035145
0.2576914,0.0001236
0.2574063,0.0014192
0.2560139,0.0008794
0.2615613,0.0021411
0.2573415,0.0004217
0.2578102,0.0004197
0.2545813,0.0015951
0.2629969,0.0020657
0.2595959,0.0004895
0.2556779,0.0001215
0.2582595,0.0006516
0.2568349,0.0002131
0.2618729,0.0002979
0.2597334,0.0007092
0.2586103,0.0016202
0.258108,0.0001554
0.2594921,0.0014589
0.2556134,0.002794
0.2538315,0.0001857
0.2552265,0.0006473
0.2599693,0.0017726
0.2576213,0.0012416
0.2630952,0.0008317
0.2572806,0.0002174
0.2582426,0.0010235
0.255796,0.0000836
0.2610092,0.0000769
0.2579336,0.0009939
0.2612642,0.0007442
0.2584906,0.0004263
0.2584743,0.0011504
0.2553434,0.0002249
0.2572305,0.0000234
0.26466,0.0009406
0.255143,0.0007948
0.2542913,0.0031525
0.2545667,0.0006221
0.2378699,0.011811
0.2572996,0.0011541
0.2547584,0.0006684
0.2580867,0.0015775
0.2574842,0.0000792
0.2606053,0.0005027
0.2594515,0.0022848
0.260178,0.0015438
0.2587225,0.0017501
0.2562378,0.0001232
0.2608931,0.0025944
0.2519178,0.0019022
0.2553758,0.0005779
0.258129,0.0010404
0.2573331,0.0012889
0.2541192,0.0006013
0.2620224,0.0006509
0.2598184,0.0013071
0.2585475,0.0007246
0.2586366,0.0019788
0.257178,0.0017418
0.256891,0.0002339
0.2556889,0.0009314
0.2623927,0.0016283
0.2565289,0.0005809
0.2607364,0.0012284
0.2607787,0.0005065
0.259196,0.0005196
0.2603862,0.0023402
0.2566624,0.0013309
0.2601304,0.0026014
0.2585558,0.0007544
0.2572328,0.0011469
0.2584085,0.0014191
0.260599,0.0002516
0.2551225,0.0015579
0.2576673,0.0020957
0.254275,0.000494
0.256772,0.0003763
0.2618799,0.0001102
0.2614532,0.0042808
0.2543005,0.0003074
0.2610618,0.0006294
0.260487,0.0011215
0.2584982,0.0015586
0.2567962,0.0001748
0.2546314,0.0009976
0.2588761,0.000501
0.2564156,0.0004174
0.2619174,0.0002278
0.2595927,0.0004436
0.2578757,0.0014354
0.2532889,0.0019645
0.2572864,0.0017316
0.2572266,0.0033395
0.2609209,0.0003564
0.2559,0.0010592
0.262176,0.0009651
0.2551936,0.0022322
0.2556362,0.0006697
0.2642443,0.0009867
0.2580977,0.0006245
0.2581549,0.0016939
0.2603915,0.0010941
0.2603389,0.0002902
0.258082,0.0010535
0.2578032,0.0009616
0.2627569,0.0004732
0.2566378,0.0003279
0.2566297,0.0035885
0.2562547,0.0001736
0.2560723,6.16E-07
0.2548724,0.002287
0.2574735,0.0006968
0.2594726,0.0014525
0.2528539,0.0037765
0.2563273,0.0006137
0.2609807,0.0000707
0.2552963,0.0026419
0.2612546,0.0003007
0.2544389,0.0013521
0.2561476,0.0008936
0.2592846,0.0003227
0.2632305,0.0013041
0.2556627,0.0020972
0.259631,0.0020607
0.2610554,0.0010012
0.2569569,0.0008114
0.2603758,0.0021358
0.2574218,0.0003606
0.2564028,0.0008821
0.2602903,0.0012914
0.2573385,0.0013994
0.2542728,0.0012697
0.2568647,0.0002912
0.2639147,0.0022268
0.2585928,0.002609
0.2577265,0.0015358
0.2587637,0.0007027
0.2598688,0.0003807
0.263386,0.0022023
0.2552637,0.0000795
0.2634636,0.0001479
0.2615504,0.0006155
0.2547373,0.0007177
0.2584624,0.0006631
0.2593545,0.0010599
0.2553073,0.0000497
0.2575171,0.0001123
0.2634529,0.0008174
0.2593845,0.0006054
0.2577689,0.0023263
0.2591986,0.0007677
0.2576997,0.0015042
0.264747,0.0005109
0.2606848,0.000525
0.2587885,0.0023452
0.2535919,0.0021272
0.2570086,0.0009304
0.2592424,0.0003998
0.2587877,0.0002049
0.2584862,0.0004889
0.2611302,0.0018871
0.2583554,0.0014612
0.2595931,0.0004366
0.2564243,0.0000229
0.2562238,0.0008935
0.2559008,0.000465
0.2583874,0.0003009
0.2531971,0.0030839
0.2632073,0.0003313
0.2591746,0.0006211
0.2603121,0.0001854
0.2564632,0.0004265
0.2603609,0.0016941
0.2601573,0.0010335
0.2558189,0.0004564
0.2403141,0.0023925
0.2561892,0.0000642
0.2592381,0.0006282
0.257477,0.0025573
0.2554223,0.0005342
0.2586255,0.0010524
0.2582184,0.0016315
0.2587449,0.0014536
0.2591045,0.0014968
0.2579835,0.000798
0.2601556,0.0001084
0.2607761,0.0008222
0.2576967,0.00207
0.2632552,0.0004458
0.2582671,0.0006358
0.2588779,0.0012796
0.2547117,0.0007494
0.2592734,0.0005955
0.2589644,0.0015755
0.2592667,0.001162
0.2601182,0.0014332
0.255546,0.0009555
0.264094,0.0013982
0.2579639,0.0001315
0.2594848,0.000893
0.2588123,0.000643
0.2584136,0.0007696
0.2584016,0.0008563
0.2591973,0.0013788
0.255617,0.0009554
0.2597902,0.0014993
0.2623928,0.0002638
0.2597233,0.0026256
0.2632896,0.0004047
0.2590662,0.0007947
0.2577079,0.0009195
0.258479,0.0008697
0.2585932,0.000334
0.2597677,0.0003865
0.2539467,0.000663
0.2614176,0.0025326
0.2591833,0.0003295
0.2579368,0.0001746
0.2561346,0.0005774
0.2583903,0.0018211
0.2570954,0.0006013
0.2618983,0.0000871
0.2580037,0.0019197
0.2561276,0.0010965
0.2545645,0.0014825
0.2548547,0.0000614
0.2548438,0.0002494
0.2582511,0.0000403
0.2589207,0.0012779
0.2609611,0.0006377
0.2554322,0.000311
0.2580704,0.0007445
0.2519564,0.0002716
0.2607451,0.0004721
0.2562943,0.001356
0.2560795,0.0013657
0.258568,0.0004749
0.2595819,0.0010478
0.2560424,0.0001436
0.2619403,0.0001672
0.2545227,0.0000517
0.2599932,0.0008142
0.2601426,0.0014775
0.2568306,0.0003666
0.2553078,0.0018666
0.2575804,0.0000497
0.2583083,0.000731
0.2630108,0.0015449
0.2601399,0.0016852
0.2583487,0.0004931
0.2599776,0.0003841
0.2579321,0.0015224
0.2572338,0.0020458
0.2621901,0.0010964
0.254821,0.0019842
0.2600558,0.0013368
0.260478,0.0022037
0.2577216,0.0004073
0.2567079,0.0001141
0.258188,0.0001498
0.2577455,0.0008119
0.2593874,0.0007385
0.2593458,0.0002515
0.2590253,0.0008807
0.2561557,0.000386
0.2559179,0.0005439
0.2601959,0.0011866
0.2570116,0.0011008
0.2643754,0.0001921
0.2597918,0.0018041
0.2572318,0.0008368
0.2575826,0.0015668
0.2604217,0.000513
0.2616647,0.0009883
0.2603704,0.0014218
0.2568899,0.0011119
0.2574356,0.00201
0.2583151,0.0036405
0.2610272,0.0011634
0.2555512,0.0015696
0.2572761,0.0024353
0.2537173,0.001276
0.2563403,0.0016681
0.2585528,0.0019196
0.2534665,0.002399
0.2616004,0.0002168
0.2581746,0.0011905
0.2583429,7.37E-06
0.256927,0.0000809
0.2568093,0.0029718
0.261826,0.002224
0.2602311,0.0005571
0.2559263,0.0017354
0.2560853,0.0001908
0.26066,0.0024392
0.2570378,0.0005215
0.256859,0.0002919
0.2558478,0.0009263
0.2586434,0.0008449
0.2569894,0.0004068
0.2612457,5.18E-06
0.252176,0.0003901
0.2563738,0.0001862
0.258996,0.0010923
0.2628891,0.0007078
0.2573905,0.0003998
0.2615331,0.0009053
0.2560094,0.0009996
0.2583862,0.0007048
0.2592358,0.0016632
0.257542,0.0001884
0.2591303,0.001284
0.2594244,0.000947
0.257921,0.0006204
0.2576766,0.0023418
0.2584346,0.0018591
0.2627599,0.0005895
0.2597868,0.000254
0.2602261,0.0007244
0.2587678,0.0003048
0.255767,0.0040091
0.259416,0.0008846
0.2629994,0.0017582
0.2638558,0.0010738
0.2604833,0.0005797
0.2554882,0.0008858
0.2604332,0.0002933
0.2585099,0.0004931
0.2601209,0.0004518
0.2593229,0.0006043
0.2577578,0.0001671
0.2596802,0.0014697
0.2653426,0.0011866
0.2537826,0.0002264
0.2533048,0.0017799
0.2604741,0.0005962
0.2570286,0.0009885
0.2593873,0.0013068
0.2613661,0.0006147
0.2615654,0.0012002
0.2582525,0.0009744
0.254832,0.0032607
0.2609987,0.0013421
0.2596028,0.0011566
0.2612036,0.0021045
0.2606653,0.0001753
0.2593958,0.0016983
0.2594262,0.0008461
0.2593593,0.0012535
0.2558493,0.0009513
0.2566092,0.0016611
0.2606962,0.0003549
0.2630406,0.0000676
0.257016,0.0007211
0.261481,0.0004353
0.2575819,0.0003317
0.2657142,0.0023201
0.2623386,0.001722
0.2545037,0.0012691
0.259426,0.001768
0.255813,0.0000392
0.2566904,0.0007519
0.2545057,0.0002133
0.263752,0.000046
0.260078,0.0007507
0.2631374,0.0001148
0.2563102,0.0011896
0.2591438,0.0003373
0.2551766,0.0016101
0.2588885,0.0004416
0.2633089,0.0013668
0.2570577,0.0001905
0.2616531,0.0000127
0.2569257,0.00037
0.2566487,0.0001878
0.2588972,0.0009052
0.257008,0.0011124
0.256248,0.0017925
0.2548318,0.0013818
0.2555057,0.0020736
0.2577039,0.0010931
0.2562507,0.0035291
0.2580646,0.002733
0.2601706,0.0002958
0.2623417,0.003772
0.263988,0.0002032
0.2601377,0.0005371
0.2559183,0.0033713
0.2551005,0.0006527
0.2621841,0.0000906
0.2572093,0.0008664
0.2544278,0.0007516
0.257554,0.0021811
0.2601262,0.0001251
0.2601897,0.0022082
0.2584423,0.0006566
0.2530884,0.0007869
0.2563522,0.0023858
0.2567127,0.0000326
0.2607459,0.0003871
0.2603819,0.0015106
0.2557767,0.0014782
0.2560729,0.0012348
0.2578574,0.0009579
0.2553921,0.0018106
0.2579714,0.0004551
0.2689468,0.0005138
0.2630722,0.0015235
0.2554421,0.0006873
0.2608854,0.0031746
0.2535871,0.0006391
0.2570618,0.0025943
0.2619201,0.0017277
0.2554302,0.0000141
0.2595155,0.0005281
0.2581258,0.000503
0.2581438,0.0014207
0.258013,0.0012467
0.2605763,0.0003008
0.259719,0.0008436
0.2568037,0.0010309
0.2581063,0.00243
0.262112,0.0012853
0.2571849,0.0009196
0.2592085,0.0004803
0.2572197,8.84E-07
0.2564785,0.0014149
0.2577977,0.0001606
0.2582825,0.0007847
0.24634,0.0006538
0.2574216,0.0020543
0.2605295,0.0014246
0.2564455,0.0025664
0.2616911,0.0004985
0.25589,0.0003969
0.2645873,0.0004731
0.2590269,0.0001394
0.2584473,0.0003753
0.2567761,0.0007832
0.2562711,0.0002619
0.2591543,0.0000695
0.2596328,0.0000799
0.2585535,0.000685
0.2566381,0.0022131
0.2624875,0.0008792
0.2544472,0.0003155
0.2574129,0.000206
0.2587094,0.0001684
0.256696,0.0023701
0.2550652,0.002547
0.2586426,0.0008375
0.2584584,0.0001276
0.2573052,0.0018247
0.2592278,0.003101
0.2531811,0.0012074
0.2589883,0.0008668
0.2563933,0.0008968
0.2632342,7.83E-06
0.2562491,0.0001731
0.2659307,0.0017828
0.2600314,0.0017991
0.2644592,0.0001004
0.2615428,0.0000805
0.2582027,0.0007239
0.2562531,0.0015209
0.2408277,0.0009333
0.2569498,0.0019249
0.257849,0.0002351
0.2633776,0.0006937
0.25846,0.0007054
0.2620736,0.0010767
0.2626652,0.0003481
0.2533299,0.0014797
0.2569264,0.0008513
0.255741,0.001143
0.2600575,0.0006106
0.2581898,0.0007975
0.2593563,0.0019622
0.2600074,0.0007097
0.2553718,0.0011941
0.2570271,0.0016763
0.2651216,0.0005899
0.2605694,0.000104
0.2564335,0.000783
0.2587578,0.0013389
0.2575274,0.0000985
0.2615272,0.002663
0.2593066,0.0018304
0.2601391,0.00069
0.2594945,0.0010777
0.2603404,0.0010588
0.2614776,0.0019781
0.2554182,0.0005768
0.2584034,0.0003295
0.2597345,0.0003303
0.2575493,0.0012643
0.2618721,0.0018543
0.2559572,0.0003364
0.2588655,0.0021916
0.2550678,0.0004242
0.2335472,0.0003906
0.2551975,0.0010085
0.2596201,0.0010215
0.2590602,0.000731
0.2572819,0.0001365
0.2577498,0.0002005
0.2609691,0.0000765
0.2589442,0.0003816
0.2608373,0.0008886
0.2590687,0.0002941
0.2588991,0.0022798
0.2399522,0.0024494
0.2574074,0.0011862
0.2650427,0.0010771
0.2606171,0.0011056
0.2615114,0.0010319
0.2599361,0.0008265
0.2566466,0.0008614
0.2581648,0.001761
0.2564889,0.0024062
0.2563815,0.0008037
0.2607518,0.0010849
0.2587192,0.0018167
0.2577007,0.000242
0.2583363,0.0003733
0.2610866,0.0003785
0.255277,0.0007083
0.2598915,0.0021436
0.255852,0.0011661
0.2602587,0.000106
0.2626719,0.0009391
0.2549428,0.0009545
0.2628094,0.0011547
0.253745,0.0002516
0.2594217,0.0001163
0.2550958,0.000221
0.2621303,0.0008229
0.2614425,0.0001344
0.2560798,0.0015678
0.2588409,0.0011878
0.2545619,0.0004411
0.2582961,0.001143
0.2574441,0.0011291
0.2577784,0.0001909
0.260347,0.0004297
0.2526586,0.0018311
0.2591711,0.0007587
0.2578102,0.000126
0.2589338,0.0004045
0.2551004,0.0020741
0.2590101,0.0002843
0.2580398,0.0007199
0.2570689,0.0002388
0.2577552,0.0004833
0.2568676,0.0004676
0.2589641,0.0014706
0.2545743,0.0004951
0.2569274,0.0005983
0.2614872,0.0006922
0.2558669,0.0000883
0.2659336,0.0006861
0.2604609,0.0028137
0.2594761,0.0000846
0.2598099,0.001316
0.2591868,0.000697
0.2591923,0.0000422
0.2585585,0.0022063
0.2626772,0.0009368
0.2558064,0.0001131
0.2544402,0.0006413
0.259715,0.0012899
0.2574387,0.0013492
0.2586714,0.0025591
0.2640948,0.002314
0.2597682,0.0002605
0.2573452,0.0004996
0.2574367,0.0024096
0.2569108,0.0021554
0.2576899,0.0005954
0.2569281,0.0017017
0.2604091,0.0005241
0.262311,0.0007745
0.2555453,0.0000678
0.2587412,0.0015174
0.2594492,0.0022657
0.255678,0.0006454
0.2596644,0.0004476
0.2589804,0.0005243
0.2578118,0.0019697
0.2601782,0.0003706
0.2589932,0.0008487
0.2561386,0.0015052